"Qubit","T1 (us)","T2 (us)","Frequency (GHz)","Anharmonicity (GHz)","Readout assignment error ","Prob meas0 prep1 ","Prob meas1 prep0 ","Readout length (ns)","ID error ","Z-axis rotation (rz) error ","âˆšx (sx) error ","Pauli-X error ","CZ error ","Gate time (ns)","Operational"
"0","136.70222177386168","85.61236873239339","0","0","0.006000000000000005","0.007199999999999984","0.0048","1560","0.00029196917083524807","0","0.00029196917083524807","0.00029196917083524807","0_1:0.008067603768281445","0_1:68","true"
"1","130.777464413275","195.13604536015305","0","0","0.03249999999999997","0.0384","0.026599999999999957","1560","0.00018730741152343076","0","0.00018730741152343076","0.00018730741152343076","1_2:0.0022346431531366784;1_0:0.008067603768281445","1_2:68;1_0:68","true"
"2","58.73256210825351","120.2475166720865","0","0","0.022199999999999998","0.0212","0.0232","1560","0.00016799278564824934","0","0.00016799278564824934","0.00016799278564824934","2_3:0.0017667870917657258;2_1:0.0022346431531366784","2_3:68;2_1:68","true"
"3","156.19690329116065","274.09710633823386","0","0","0.03059999999999996","0.0278","0.033399999999999985","1560","0.00017513589260679534","0","0.00017513589260679534","0.00017513589260679534","3_16:0.0023742849107112607;3_4:0.0030523189801643924;3_2:0.0017667870917657258","3_16:68;3_4:68;3_2:68","true"
"4","189.3372229482318","112.92468700382962","0","0","0.0045999999999999375","0.0078","0.0013999999999999568","1560","0.0002582769034614662","0","0.0002582769034614662","0.0002582769034614662","4_3:0.0030523189801643924;4_5:0.006354481396668138","4_3:68;4_5:68","true"
"5","157.52972966782696","118.46861934889074","0","0","0.033299999999999996","0.0314","0.03520000000000001","1560","0.0001438374291035479","0","0.0001438374291035479","0.0001438374291035479","5_6:0.012090262505709187;5_4:0.006354481396668138","5_6:68;5_4:68","true"
"6","145.01051818383493","161.73335566111936","0","0","0.03080000000000005","0.0368","0.024800000000000044","1560","0.00021656571068649283","0","0.00021656571068649283","0.00021656571068649283","6_7:0.0028885105576639536;6_5:0.012090262505709187","6_7:68;6_5:68","true"
"7","108.12602620743658","63.28405305928529","0","0","0.0230999999999999","0.02959999999999996","0.0166","1560","0.0005067673871297947","0","0.0005067673871297947","0.0005067673871297947","7_17:0.0041657588550378655;7_8:0.002987929567149078;7_6:0.0028885105576639536","7_17:68;7_8:68;7_6:68","true"
"8","151.26168493605638","37.83909184124734","0","0","0.0047999999999999154","0.0082","0.0013999999999999568","1560","0.0003347552301418408","0","0.0003347552301418408","0.0003347552301418408","8_7:0.002987929567149078;8_9:0.0018975216278676044","8_7:68;8_9:68","true"
"9","185.79321479734247","74.39112245078684","0","0","0.02279999999999993","0.025000000000000022","0.0206","1560","0.00024033407208877698","0","0.00024033407208877698","0.00024033407208877698","9_10:0.001996773220973691;9_8:0.0018975216278676044","9_10:68;9_8:68","true"
"10","242.89275445609817","132.65847994267523","0","0","0.02960000000000007","0.028200000000000003","0.031","1560","0.00018617527651832417","0","0.00018617527651832417","0.00018617527651832417","10_11:0.0036833544861396006;10_9:0.001996773220973691","10_11:68;10_9:68","true"
"11","135.51547915686385","92.95780237933643","0","0","0.030899999999999928","0.0314","0.030399999999999983","1560","0.00021490394691786396","0","0.00021490394691786396","0.00021490394691786396","11_18:0.002028033169272636;11_12:0.0022343948692901128;11_10:0.0036833544861396006","11_18:68;11_12:68;11_10:68","true"
"12","65.92271081741316","87.05109694176952","0","0","0.01319999999999999","0.01539999999999997","0.011","1560","0.000327907985299896","0","0.000327907985299896","0.000327907985299896","12_11:0.0022343948692901128;12_13:0.002444201921366379","12_11:68;12_13:68","true"
"13","108.65589652299796","187.28065886622483","0","0","0.023399999999999976","0.0338","0.013000000000000012","1560","0.00033245556715326104","0","0.00033245556715326104","0.00033245556715326104","13_14:0.0016681632426102377;13_12:0.002444201921366379","13_14:68;13_12:68","true"
"14","193.42879813620812","104.9965857103103","0","0","0.02859999999999996","0.0332","0.02400000000000002","1560","0.0002475815863405639","0","0.0002475815863405639","0.0002475815863405639","14_15:0.0032068163558997276;14_13:0.0016681632426102377","14_15:68;14_13:68","true"
"15","191.85162766020773","172.92913897810118","0","0","0.015800000000000036","0.015800000000000036","0.0158","1560","0.00015982156298404736","0","0.00015982156298404736","0.00015982156298404736","15_19:0.0026739022377378074;15_14:0.0032068163558997276","15_19:68;15_14:68","true"
"16","57.606151719359296","64.55914054730792","0","0","0.03859999999999997","0.04359999999999997","0.0336","1560","0.0003830586961319781","0","0.0003830586961319781","0.0003830586961319781","16_23:0.0025751075896107145;16_3:0.0023742849107112607","16_23:68;16_3:68","true"
"17","127.55714951717167","88.90174594862145","0","0","0.013600000000000056","0.014","0.01319999999999999","1560","0.0002416759219397031","0","0.0002416759219397031","0.0002416759219397031","17_27:0.009518812794921366;17_7:0.0041657588550378655","17_27:68;17_7:68","true"
"18","196.755351549991","70.2461580916675","0","0","0.01880000000000004","0.022800000000000042","0.0148","1560","0.00032110291639959567","0","0.00032110291639959567","0.00032110291639959567","18_31:0.0026251487630869763;18_11:0.002028033169272636","18_31:68;18_11:68","true"
"19","212.34979883877048","178.76944134944657","0","0","0.022299999999999986","0.027200000000000002","0.0174","1560","0.0003994348446570695","0","0.0003994348446570695","0.0003994348446570695","19_15:0.0026739022377378074;19_35:0.002070897366523744","19_15:68;19_35:68","true"
"20","229.85099086607764","171.4852171769518","0","0","0.03410000000000002","0.03420000000000001","0.034","1560","0.0014845984821292698","0","0.0014845984821292698","0.0014845984821292698","20_21:0.008326369820163798","20_21:68","true"
"21","176.61588883513912","178.8425769098413","0","0","0.011199999999999988","0.015199999999999991","0.0072","1560","0.00022380672860760026","0","0.00022380672860760026","0.00022380672860760026","21_36:0.006139702800175922;21_22:0.0025588158774358383;21_20:0.008326369820163798","21_36:68;21_22:68;21_20:68","true"
"22","144.00911470870267","118.85267196014864","0","0","0.013299999999999979","0.015000000000000013","0.0116","1560","0.00021850074355875138","0","0.00021850074355875138","0.00021850074355875138","22_23:0.001805974471617816;22_21:0.0025588158774358383","22_23:68;22_21:68","true"
"23","151.2101846233715","201.72023227139945","0","0","0.005300000000000082","0.006000000000000005","0.0046","1560","0.00019130571750428254","0","0.00019130571750428254","0.00019130571750428254","23_24:0.0022837168727175283;23_22:0.001805974471617816;23_16:0.0025751075896107145","23_24:68;23_22:68;23_16:68","true"
"24","74.96832003123829","46.20123342579665","0","0","0.017299999999999982","0.023399999999999976","0.0112","1560","0.0002899989817164048","0","0.0002899989817164048","0.0002899989817164048","24_23:0.0022837168727175283;24_25:0.04115607936721852","24_23:68;24_25:68","true"
"25","210.68101328542397","142.14463579500674","0","0","0.008299999999999974","0.0138","0.0028000000000000247","1560","0.000221319491318298","0","0.000221319491318298","0.000221319491318298","25_37:0.0039227472062100255;25_26:0.0039848213455523085;25_24:0.04115607936721852","25_37:68;25_26:68;25_24:68","true"
"26","124.63066803640604","134.2859553325867","0","0","0.03159999999999996","0.03959999999999997","0.0236","1560","0.00038483602827858433","0","0.00038483602827858433","0.00038483602827858433","26_27:0.009227042503676564;26_25:0.0039848213455523085","26_27:68;26_25:68","true"
"27","117.38014352480002","145.9346529143702","0","0","0.005800000000000027","0.0084","0.0031999999999999806","1560","0.0002480771646075529","0","0.0002480771646075529","0.0002480771646075529","27_26:0.009227042503676564;27_17:0.009518812794921366;27_28:1","27_26:68;27_17:68;27_28:68","true"
"28","195.81766729412374","110.18025222564283","0","0","0.015600000000000058","0.0162","0.015000000000000013","1560","0.00022121301453745785","0","0.00022121301453745785","0.00022121301453745785","28_29:0.006931817112348776;28_27:1","28_29:68;28_27:68","true"
"29","113.10500551357678","76.24673470350214","0","0","0.028699999999999948","0.03159999999999996","0.0258","1560","0.0002500737527245308","0","0.0002500737527245308","0.0002500737527245308","29_38:0.0020087819890608483;29_30:0.0022179030307707404;29_28:0.006931817112348776","29_38:68;29_30:68;29_28:68","true"
"30","137.07561872207336","125.6729157748783","0","0","0.006399999999999961","0.0086","0.0041999999999999815","1560","0.0001856819847286959","0","0.0001856819847286959","0.0001856819847286959","30_31:0.0036932132549877816;30_29:0.0022179030307707404","30_31:68;30_29:68","true"
"31","85.63890091374046","80.69530738441483","0","0","0.0121","0.018","0.006199999999999983","1560","0.0003123227421399567","0","0.0003123227421399567","0.0003123227421399567","31_30:0.0036932132549877816;31_18:0.0026251487630869763;31_32:1","31_30:68;31_18:68;31_32:68","true"
"32","70.73816236430278","88.06133323029867","0","0","0.014599999999999946","0.01739999999999997","0.0118","1560","0.00026571432814701467","0","0.00026571432814701467","0.00026571432814701467","32_31:1;32_33:1","32_31:68;32_33:68","true"
"33","94.18656174596059","154.82559897615604","0","0","0.016699999999999937","0.017800000000000038","0.0156","1560","0.00024049513607749448","0","0.00024049513607749448","0.00024049513607749448","33_39:0.002373684868423348;33_34:0.002584233405720615;33_32:1","33_39:68;33_34:68;33_32:68","true"
"34","177.8362386339125","59.05782856141737","0","0","0.009199999999999986","0.012","0.006399999999999961","1560","0.0003444532030198493","0","0.0003444532030198493","0.0003444532030198493","34_35:0.002072457882919876;34_33:0.002584233405720615","34_35:68;34_33:68","true"
"35","49.67594085010461","70.28490487020208","0","0","0.014699999999999935","0.01539999999999997","0.014","1560","0.0001934331658813482","0","0.0001934331658813482","0.0001934331658813482","35_34:0.002072457882919876;35_19:0.002070897366523744","35_34:68;35_19:68","true"
"36","179.50604241192403","128.55477563574462","0","0","0.010099999999999998","0.01319999999999999","0.007","1560","0.0007178908849106962","0","0.0007178908849106962","0.0007178908849106962","36_41:0.0018724166374569085;36_21:0.006139702800175922","36_41:68;36_21:68","true"
"37","141.42594568243615","210.09596433162537","0","0","0.019399999999999973","0.020199999999999996","0.0186","1560","0.00024809426661809005","0","0.00024809426661809005","0.00024809426661809005","37_45:0.0021398141953214156;37_25:0.0039227472062100255","37_45:68;37_25:68","true"
"38","191.6057361830187","183.60732342439394","0","0","0.02079999999999993","0.0256","0.016000000000000014","1560","0.0003699903388243682","0","0.0003699903388243682","0.0003699903388243682","38_49:0.00358042792431279;38_29:0.0020087819890608483","38_49:68;38_29:68","true"
"39","67.45174769716628","151.75493453923838","0","0","0.020299999999999985","0.0246","0.016000000000000014","1560","0.0005578958614856412","0","0.0005578958614856412","0.0005578958614856412","39_33:0.002373684868423348;39_53:0.003768920133319087","39_33:68;39_53:68","true"
"40","166.02661136749362","115.64379904298069","0","0","0.006199999999999983","0.01","0.0023999999999999577","1560","0.00022638396486906114","0","0.00022638396486906114","0.00022638396486906114","40_41:0.0023498112969253804","40_41:68","true"
"41","119.79888764432053","98.6013112899998","0","0","0.15490000000000004","0.17700000000000005","0.1328","1560","0.0001680077102285004","0","0.0001680077102285004","0.0001680077102285004","41_42:0.003042690702794476;41_40:0.0023498112969253804;41_36:0.0018724166374569085","41_42:68;41_40:68;41_36:68","true"
"42","41.062435550234795","26.731932302910092","0","0","0.04810000000000003","0.054","0.042200000000000015","1560","0.00033437561114977557","0","0.00033437561114977557","0.00033437561114977557","42_41:0.003042690702794476;42_43:0.005099988714232256","42_41:68;42_43:68","true"
"43","146.66015103105929","64.12899665516655","0","0","0.06519999999999992","0.0776","0.0528","1560","0.00021758995880987833","0","0.00021758995880987833","0.00021758995880987833","43_56:0.002353382104002738;43_44:0.0019777175375136347;43_42:0.005099988714232256","43_56:68;43_44:68;43_42:68","true"
"44","58.95165999228754","110.9008491571068","0","0","0.0042999999999999705","0.007399999999999962","0.0012","1560","0.0003585585711242543","0","0.0003585585711242543","0.0003585585711242543","44_45:0.0018740487434507902;44_43:0.0019777175375136347","44_45:68;44_43:68","true"
"45","150.53924108576237","143.6997894905012","0","0","0.019199999999999995","0.0218","0.016599999999999948","1560","0.0001745069207828051","0","0.0001745069207828051","0.0001745069207828051","45_46:0.003827578181021779;45_44:0.0018740487434507902;45_37:0.0021398141953214156","45_46:68;45_44:68;45_37:68","true"
"46","100.46337086058111","13.384850628166822","0","0","0.031399999999999983","0.03759999999999997","0.0252","1560","0.000557698145779272","0","0.000557698145779272","0.000557698145779272","46_45:0.003827578181021779;46_47:0.003242962276630318","46_45:68;46_47:68","true"
"47","166.59379604134998","59.58333347616874","0","0","0.03269999999999995","0.0322","0.03320000000000001","1560","0.00021909958263961358","0","0.00021909958263961358","0.00021909958263961358","47_57:0.002224575381772953;47_48:0.001924842613429345;47_46:0.003242962276630318","47_57:68;47_48:68;47_46:68","true"
"48","161.70077792774228","17.443605026386475","0","0","0.007500000000000062","0.0094","0.005600000000000049","1560","0.00035090986405644385","0","0.00035090986405644385","0.00035090986405644385","48_49:0.00269312298392696;48_47:0.001924842613429345","48_49:68;48_47:68","true"
"49","119.22120995943038","34.37230951086442","0","0","0.03959999999999997","0.0404","0.038799999999999946","1560","0.00035716694836534883","0","0.00035716694836534883","0.00035716694836534883","49_50:0.003319765950964171;49_48:0.00269312298392696;49_38:0.00358042792431279","49_50:68;49_48:68;49_38:68","true"
"50","165.85262478323085","87.79878406175189","0","0","0.05669999999999997","0.0666","0.04679999999999995","1560","0.0002460317796831702","0","0.0002460317796831702","0.0002460317796831702","50_51:0.002184562042793603;50_49:0.003319765950964171","50_51:68;50_49:68","true"
"51","90.18456978907753","118.92142113969823","0","0","0.06340000000000001","0.0698","0.05700000000000005","1560","0.0002092341306948047","0","0.0002092341306948047","0.0002092341306948047","51_50:0.002184562042793603;51_58:0.00244042007923595;51_52:0.0030155066203737813","51_50:68;51_58:68;51_52:68","true"
"52","146.67599954893507","49.736524830038356","0","0","0.018399999999999972","0.0194","0.01739999999999997","1560","0.00032545653803321386","0","0.00032545653803321386","0.00032545653803321386","52_53:0.004098873697719524;52_51:0.0030155066203737813","52_53:68;52_51:68","true"
"53","83.2747416280348","14.295152864988072","0","0","0.18320000000000003","0.21519999999999995","0.1512","1560","0.00019766411940276682","0","0.00019766411940276682","0.00019766411940276682","53_54:0.016664965631004947;53_52:0.004098873697719524;53_39:0.003768920133319087","53_54:68;53_52:68;53_39:68","true"
"54","108.04160467335107","14.619919302149476","0","0","0.13250000000000006","0.12160000000000004","0.1434","1560","0.0014633193306970037","0","0.0014633193306970037","0.0014633193306970037","54_55:0.007619395612721069;54_53:0.016664965631004947","54_55:68;54_53:68","true"
"55","70.76864062291268","12.861422837940538","0","0","0.19730000000000003","0.2086","0.186","1560","0.00046586792867058685","0","0.00046586792867058685","0.00046586792867058685","55_54:0.007619395612721069;55_59:0.004870780565050026","55_54:68;55_59:68","true"
"56","89.13591967514016","159.30471729824993","0","0","0.01200000000000001","0.016","0.008000000000000007","1560","0.0003462336199263853","0","0.0003462336199263853","0.0003462336199263853","56_63:0.0086842052236554;56_43:0.002353382104002738","56_63:68;56_43:68","true"
"57","131.13577720175743","58.27758568140121","0","0","0.006899999999999906","0.009399999999999964","0.0044","1560","0.00023373283692029045","0","0.00023373283692029045","0.00023373283692029045","57_67:0.004231385918515074;57_47:0.002224575381772953","57_67:68;57_47:68","true"
"58","139.900562208733","148.35033829361336","0","0","0.02760000000000007","0.03720000000000001","0.018","1560","0.0003996475633175775","0","0.0003996475633175775","0.0003996475633175775","58_51:0.00244042007923595;58_71:0.001746175935091493","58_51:68;58_71:68","true"
"59","105.69266356978571","17.397318149283095","0","0","0.04410000000000003","0.0414","0.04679999999999995","1560","0.0005619360680661527","0","0.0005619360680661527","0.0005619360680661527","59_55:0.004870780565050026;59_75:0.004183356670160482","59_55:68;59_75:68","true"
"60","166.1871720387893","27.23654739707365","0","0","0.007600000000000051","0.013800000000000034","0.0014","1560","0.00028453518227404014","0","0.00028453518227404014","0.00028453518227404014","60_61:0.0021115019505736077","60_61:68","true"
"61","145.51462326224478","147.5472572522654","0","0","0.03269999999999995","0.0294","0.03600000000000003","1560","0.00025757488605954024","0","0.00025757488605954024","0.00025757488605954024","61_76:0.0027129244074369507;61_62:0.0026828686022296877;61_60:0.0021115019505736077","61_76:68;61_62:68;61_60:68","true"
"62","95.76438584613466","32.07298135411956","0","0","0.014100000000000001","0.015","0.01319999999999999","1560","0.00032590255603111453","0","0.00032590255603111453","0.00032590255603111453","62_63:0.008924697079984056;62_61:0.0026828686022296877","62_63:68;62_61:68","true"
"63","147.0344057399911","18.96224521902042","0","0","0.009500000000000064","0.015000000000000013","0.004","1560","0.0011178950526374342","0","0.0011178950526374342","0.0011178950526374342","63_64:0.04008052237457724;63_62:0.008924697079984056;63_56:0.0086842052236554","63_64:68;63_62:68;63_56:68","true"
"64","117.57473040607454","80.55504331015626","0","0","0.0605","0.0566","0.06440000000000001","1560","0.0006575758945317066","0","0.0006575758945317066","0.0006575758945317066","64_63:0.04008052237457724;64_65:0.0036258277009281192","64_63:68;64_65:68","true"
"65","25.16496237106497","43.4502132352654","0","0","0.016100000000000003","0.026000000000000023","0.0062","1560","0.0004382187391082094","0","0.0004382187391082094","0.0004382187391082094","65_77:0.005033324717251014;65_66:0.0027613315263271265;65_64:0.0036258277009281192","65_77:68;65_66:68;65_64:68","true"
"66","88.61022544193757","15.453749772821414","0","0","0.008499999999999952","0.0132","0.0038000000000000256","1560","0.0002700578675061229","0","0.0002700578675061229","0.0002700578675061229","66_67:0.0030320036353591595;66_65:0.0027613315263271265","66_67:68;66_65:68","true"
"67","118.89432427548773","67.2524338771092","0","0","0.05010000000000003","0.046599999999999975","0.0536","1560","0.0004772580502071984","0","0.0004772580502071984","0.0004772580502071984","67_68:0.004103603886811413;67_66:0.0030320036353591595;67_57:0.004231385918515074","67_68:68;67_66:68;67_57:68","true"
"68","73.08101252434152","111.18629067066071","0","0","0.061000000000000054","0.068","0.05400000000000005","1560","0.00023819468255817586","0","0.00023819468255817586","0.00023819468255817586","68_69:0.0023301152695851535;68_67:0.004103603886811413","68_69:68;68_67:68","true"
"69","112.59351813366038","78.6876552059477","0","0","0.03310000000000002","0.0362","0.030000000000000027","1560","0.00022391366203572174","0","0.00022391366203572174","0.00022391366203572174","69_68:0.0023301152695851535;69_78:0.002419782421591715;69_70:0.004858255998815092","69_68:68;69_78:68;69_70:68","true"
"70","81.67610923490315","32.09947123026103","0","0","0.0131","0.0176","0.008600000000000052","1560","0.0002666845614333648","0","0.0002666845614333648","0.0002666845614333648","70_71:0.003303607972887146;70_69:0.004858255998815092","70_71:68;70_69:68","true"
"71","96.55273523459256","129.06260500315156","0","0","0.010099999999999998","0.0124","0.007800000000000029","1560","0.0002519943306132463","0","0.0002519943306132463","0.0002519943306132463","71_72:0.03861142896755684;71_70:0.003303607972887146;71_58:0.001746175935091493","71_72:68;71_70:68;71_58:68","true"
"72","66.62341396366418","23.709247823295375","0","0","0.09109999999999996","0.08240000000000003","0.0998","1560","0.0002924028263393639","0","0.0002924028263393639","0.0002924028263393639","72_73:0.026102754745009865;72_71:0.03861142896755684","72_73:68;72_71:68","true"
"73","99.4196537435753","40.71513516767875","0","0","0.17389999999999994","0.17420000000000002","0.1736","1560","0.0003001799866842802","0","0.0003001799866842802","0.0003001799866842802","73_72:0.026102754745009865;73_74:0.004739697857093994;73_79:0.004773077550567689","73_72:68;73_74:68;73_79:68","true"
"74","101.51501885037324","20.767560883011715","0","0","0.052999999999999936","0.0524","0.0536","1560","0.0004296874434907764","0","0.0004296874434907764","0.0004296874434907764","74_75:0.005381915487311623;74_73:0.004739697857093994","74_75:68;74_73:68","true"
"75","110.53937402738305","45.796087917430235","0","0","0.01990000000000003","0.02300000000000002","0.0168","1560","0.00026083218184510935","0","0.00026083218184510935","0.00026083218184510935","75_74:0.005381915487311623;75_59:0.004183356670160482","75_74:68;75_59:68","true"
"76","127.92558472421541","95.29585563088202","0","0","0.005900000000000016","0.0084","0.0033999999999999586","1560","0.000292634532695366","0","0.000292634532695366","0.000292634532695366","76_81:0.006647872445790154;76_61:0.0027129244074369507","76_81:68;76_61:68","true"
"77","109.43140841565818","43.82950596184917","0","0","0.03380000000000005","0.032","0.035599999999999965","1560","0.0002988472277673525","0","0.0002988472277673525","0.0002988472277673525","77_85:0.0028426758796775142;77_65:0.005033324717251014","77_85:68;77_65:68","true"
"78","90.22061275704657","87.60922394665742","0","0","0.032200000000000006","0.0338","0.03059999999999996","1560","0.0002653602855484066","0","0.0002653602855484066","0.0002653602855484066","78_69:0.002419782421591715;78_89:0.004326647687379115","78_69:68;78_89:68","true"
"79","33.454966695875825","24.233830007940227","0","0","0.1511","0.1372","0.16500000000000004","1560","0.0005094947251780763","0","0.0005094947251780763","0.0005094947251780763","79_73:0.004773077550567689;79_93:0.004743199101283374","79_73:68;79_93:68","true"
"80","112.27642833943824","176.7000916426448","0","0","0.005900000000000016","0.008000000000000007","0.0038","1560","0.00023665028333126587","0","0.00023665028333126587","0.00023665028333126587","80_81:0.008048063011847906","80_81:68","true"
"81","68.95101441018177","5.763293002406249","0","0","0.08810000000000007","0.12560000000000004","0.0506","1560","0.002388907887217991","0","0.002388907887217991","0.002388907887217991","81_82:0.010282754367336416;81_80:0.008048063011847906;81_76:0.006647872445790154","81_82:68;81_80:68;81_76:68","true"
"82","74.08251093832426","32.08365085465192","0","0","0.018199999999999994","0.022399999999999975","0.014","1560","0.00024544182199395077","0","0.00024544182199395077","0.00024544182199395077","82_81:0.010282754367336416;82_83:0.010243595463579058","82_81:68;82_83:68","true"
"83","145.1618389765079","130.87476776888766","0","0","0.05909999999999993","0.0656","0.05259999999999998","1560","0.00020973062543928973","0","0.00020973062543928973","0.00020973062543928973","83_96:0.002335387406460415;83_84:0.0020239455302198672;83_82:0.010243595463579058","83_96:68;83_84:68;83_82:68","true"
"84","169.7279117129268","51.36465814381744","0","0","0.006000000000000005","0.009000000000000008","0.003","1560","0.0003280230611871869","0","0.0003280230611871869","0.0003280230611871869","84_85:0.0017738051344423356;84_83:0.0020239455302198672","84_85:68;84_83:68","true"
"85","135.35975685867064","31.723305931344235","0","0","0.007400000000000073","0.012","0.0028000000000000247","1560","0.0007916722357845228","0","0.0007916722357845228","0.0007916722357845228","85_86:0.0035816034758869297;85_84:0.0017738051344423356;85_77:0.0028426758796775142","85_86:68;85_84:68;85_77:68","true"
"86","183.46041820233015","86.01804245687114","0","0","0.014800000000000035","0.0178","0.011800000000000033","1560","0.00026280690365984983","0","0.00026280690365984983","0.00026280690365984983","86_87:0.002953713013805509;86_85:0.0035816034758869297","86_87:68;86_85:68","true"
"87","77.09353748064366","185.9608628041008","0","0","0.04590000000000005","0.05279999999999996","0.039","1560","0.00022726823648803866","0","0.00022726823648803866","0.00022726823648803866","87_86:0.002953713013805509;87_97:0.004497975311094693;87_88:0.002865390713076149","87_86:68;87_97:68;87_88:68","true"
"88","112.99072494093387","156.04821981270663","0","0","0.004899999999999904","0.008399999999999963","0.0014","1560","0.0003331739867185423","0","0.0003331739867185423","0.0003331739867185423","88_89:0.0031181117616622123;88_87:0.002865390713076149","88_89:68;88_87:68","true"
"89","106.0133535861955","101.78834880212888","0","0","0.032200000000000006","0.0382","0.0262","1560","0.00023559842824051868","0","0.00023559842824051868","0.00023559842824051868","89_90:0.004788915767180657;89_88:0.0031181117616622123;89_78:0.004326647687379115","89_90:68;89_88:68;89_78:68","true"
"90","118.26096519857613","76.61718934997089","0","0","0.01429999999999998","0.0148","0.013800000000000034","1560","0.00028057736462415916","0","0.00028057736462415916","0.00028057736462415916","90_91:0.005643234303859851;90_89:0.004788915767180657","90_91:68;90_89:68","true"
"91","187.24792255814964","16.048372570387514","0","0","0.02090000000000003","0.020000000000000018","0.0218","1560","0.0002557708962698585","0","0.0002557708962698585","0.0002557708962698585","91_90:0.005643234303859851;91_92:0.0026240657008102797;91_98:0.00222929699919297","91_90:68;91_92:68;91_98:68","true"
"92","148.6231353700374","77.96489210114441","0","0","0.006199999999999983","0.01100000000000001","0.0014","1560","0.0002786946164048137","0","0.0002786946164048137","0.0002786946164048137","92_93:0.0019075035838861665;92_91:0.0026240657008102797","92_93:68;92_91:68","true"
"93","143.88001226186557","117.2236921865823","0","0","0.21040000000000003","0.20940000000000003","0.2114","1560","0.0006181046679213839","0","0.0006181046679213839","0.0006181046679213839","93_94:0.005975865129674268;93_92:0.0019075035838861665;93_79:0.004743199101283374","93_94:68;93_92:68;93_79:68","true"
"94","163.784106879824","12.09246140260625","0","0","0.01749999999999996","0.0226","0.012399999999999967","1560","0.0009645443907888875","0","0.0009645443907888875","0.0009645443907888875","94_95:0.005277654801642578;94_93:0.005975865129674268","94_95:68;94_93:68","true"
"95","150.15071033666956","70.37867709889528","0","0","0.007500000000000062","0.010000000000000009","0.005","1560","0.00025852788878420225","0","0.00025852788878420225","0.00025852788878420225","95_94:0.005277654801642578;95_99:0.0031329229950521342","95_94:68;95_99:68","true"
"96","96.91781871314625","159.27052632615207","0","0","0.008899999999999908","0.0124","0.00539999999999996","1560","0.000210208977790626","0","0.000210208977790626","0.000210208977790626","96_103:0.0025825714064725835;96_83:0.002335387406460415","96_103:68;96_83:68","true"
"97","114.9023589869273","107.54209925715256","0","0","0.008599999999999941","0.01","0.007199999999999984","1560","0.0004839923294719603","0","0.0004839923294719603","0.0004839923294719603","97_87:0.004497975311094693;97_107:0.002301954725454358","97_87:68;97_107:68","true"
"98","95.07565248763314","20.333462047798566","0","0","0.010399999999999965","0.0134","0.007399999999999962","1560","0.0002992010550936987","0","0.0002992010550936987","0.0002992010550936987","98_91:0.00222929699919297;98_111:0.004482791456616286","98_91:68;98_111:68","true"
"99","153.99247737571392","18.792580991306302","0","0","0.012799999999999923","0.0152","0.010399999999999965","1560","0.0004124243611020253","0","0.0004124243611020253","0.0004124243611020253","99_95:0.0031329229950521342;99_115:0.0038381440228269503","99_95:68;99_115:68","true"
"100","148.36192072938357","40.54331290998537","0","0","0.03600000000000003","0.04400000000000004","0.028","1560","0.001406066439357405","0","0.001406066439357405","0.001406066439357405","100_101:0.0034809136017007747","100_101:68","true"
"101","139.49152167820088","122.14538856408328","0","0","0.04169999999999996","0.0538","0.02959999999999996","1560","0.00040854812736869676","0","0.00040854812736869676","0.00040854812736869676","101_116:0.0038616089713162383;101_102:0.004005693600070415;101_100:0.0034809136017007747","101_116:68;101_102:68;101_100:68","true"
"102","147.241197124095","106.90110553119557","0","0","0.00880000000000003","0.012","0.005600000000000049","1560","0.00021000196049905198","0","0.00021000196049905198","0.00021000196049905198","102_103:0.002679059191271954;102_101:0.004005693600070415","102_103:88;102_101:68","true"
"103","159.0911298486276","145.24455077026013","0","0","0.0047000000000000375","0.006800000000000028","0.0026","1560","0.00028076308014964024","0","0.00028076308014964024","0.00028076308014964024","103_104:0.003784133880928825;103_102:0.002679059191271954;103_96:0.0025825714064725835","103_104:68;103_102:88;103_96:68","true"
"104","137.56172034623916","92.02516900079415","0","0","0.03510000000000002","0.0422","0.028000000000000025","1560","0.0002355860430462681","0","0.0002355860430462681","0.0002355860430462681","104_105:0.002660126128088164;104_103:0.003784133880928825","104_105:68;104_103:68","true"
"105","43.05813721461515","196.17624752174328","0","0","0.007500000000000062","0.0098","0.005199999999999982","1560","0.0003442887907604007","0","0.0003442887907604007","0.0003442887907604007","105_104:0.002660126128088164;105_117:0.006819313946436284;105_106:0.001816885846630173","105_104:68;105_117:68;105_106:68","true"
"106","81.25372170383847","121.04070228761381","0","0","0.01869999999999994","0.0256","0.011800000000000033","1560","0.00022645359081972604","0","0.00022645359081972604","0.00022645359081972604","106_107:0.0022850923529487976;106_105:0.001816885846630173","106_107:68;106_105:68","true"
"107","144.21599787181614","22.514006936546046","0","0","0.006699999999999928","0.009000000000000008","0.0044","1560","0.00022118674314515997","0","0.00022118674314515997","0.00022118674314515997","107_108:0.002539826962656644;107_106:0.0022850923529487976;107_97:0.002301954725454358","107_108:68;107_106:68;107_97:68","true"
"108","151.27167366858222","153.85013093003687","0","0","0.027100000000000013","0.029000000000000026","0.0252","1560","0.0002931452981404008","0","0.0002931452981404008","0.0002931452981404008","108_109:0.0020591395952675173;108_107:0.002539826962656644","108_109:68;108_107:68","true"
"109","206.50919385291186","87.93332572721309","0","0","0.026100000000000012","0.0256","0.026599999999999957","1560","0.0002337089309867575","0","0.0002337089309867575","0.0002337089309867575","109_108:0.0020591395952675173;109_110:0.002160395683103694;109_118:0.0026336462824061158","109_108:68;109_110:68;109_118:68","true"
"110","132.30654158650106","120.89584313077512","0","0","0.006699999999999928","0.010000000000000009","0.0034","1560","0.00020610820886832984","0","0.00020610820886832984","0.00020610820886832984","110_111:0.002886878997140241;110_109:0.002160395683103694","110_111:68;110_109:68","true"
"111","89.56694219388797","115.1255901998788","0","0","0.013900000000000023","0.021399999999999975","0.0064","1560","0.00021287333110853591","0","0.00021287333110853591","0.00021287333110853591","111_112:0.003398403984634868;111_110:0.002886878997140241;111_98:0.004482791456616286","111_112:68;111_110:68;111_98:68","true"
"112","125.79231023770664","41.552682082563514","0","0","0.059800000000000075","0.06559999999999999","0.054","1560","0.00031129285272601996","0","0.00031129285272601996","0.00031129285272601996","112_113:0.0037233330318017788;112_111:0.003398403984634868","112_113:68;112_111:68","true"
"113","116.01430454155717","35.72699398664874","0","0","0.019299999999999984","0.022199999999999998","0.0164","1560","0.0002770225146232873","0","0.0002770225146232873","0.0002770225146232873","113_112:0.0037233330318017788;113_114:0.004360935468093324;113_119:0.0052083313554103505","113_112:68;113_114:68;113_119:68","true"
"114","77.50817505454056","78.72334777748017","0","0","0.008599999999999941","0.009","0.008199999999999985","1560","0.0003008398947227711","0","0.0003008398947227711","0.0003008398947227711","114_115:0.004420009122507257;114_113:0.004360935468093324","114_115:68;114_113:68","true"
"115","51.630817089659864","110.61494659038323","0","0","0.007500000000000062","0.010000000000000009","0.005","1560","0.00023314826685838307","0","0.00023314826685838307","0.00023314826685838307","115_114:0.004420009122507257;115_99:0.0038381440228269503","115_114:68;115_99:68","true"
"116","157.12767103556814","105.93521337517717","0","0","0.009199999999999986","0.0124","0.006000000000000005","1560","0.00019925489867048666","0","0.00019925489867048666","0.00019925489867048666","116_121:0.0026262535086330197;116_101:0.0038616089713162383","116_121:68;116_101:68","true"
"117","125.13979476714117","133.27292617874036","0","0","0.006599999999999939","0.0092","0.0040000000000000036","1560","0.0001785565971077478","0","0.0001785565971077478","0.0001785565971077478","117_105:0.006819313946436284;117_125:0.001785460949184331","117_105:68;117_125:68","true"
"118","148.81218972608934","58.41486131176132","0","0","0.014599999999999946","0.016","0.01319999999999999","1560","0.0002794363875428514","0","0.0002794363875428514","0.0002794363875428514","118_109:0.0026336462824061158;118_129:0.0022143884900277244","118_109:68;118_129:68","true"
"119","95.03634829276545","77.4915918927754","0","0","0.012299999999999978","0.017","0.007600000000000051","1560","0.0006118469978945267","0","0.0006118469978945267","0.0006118469978945267","119_113:0.0052083313554103505;119_133:0.007223065110288973","119_113:68;119_133:68","true"
"120","171.02731246682944","170.31073815481878","0","0","0.006699999999999928","0.01","0.0033999999999999586","1560","0.00023096248811493893","0","0.00023096248811493893","0.00023096248811493893","120_121:0.002401366524317522","120_121:68","true"
"121","133.65562175506787","132.58830806391498","0","0","0.009499999999999953","0.012599999999999945","0.0064","1560","0.0002009979466913084","0","0.0002009979466913084","0.0002009979466913084","121_122:0.003146066602083414;121_120:0.002401366524317522;121_116:0.0026262535086330197","121_122:68;121_120:68;121_116:68","true"
"122","148.08730729234688","65.71533983996922","0","0","0.026000000000000023","0.0304","0.021599999999999953","1560","0.0004236574164228359","0","0.0004236574164228359","0.0004236574164228359","122_121:0.003146066602083414;122_123:0.00355708564472737","122_121:68;122_123:68","true"
"123","107.10021253090301","93.73469968291806","0","0","0.01200000000000001","0.013","0.01100000000000001","1560","0.0003664495508772443","0","0.0003664495508772443","0.0003664495508772443","123_124:0.0023387972441928917;123_136:0.002935135748926815;123_122:0.00355708564472737","123_124:68;123_136:68;123_122:68","true"
"124","109.15235752024789","125.37988723618214","0","0","0.006399999999999961","0.0098","0.0030000000000000027","1560","0.00037255447928376126","0","0.00037255447928376126","0.00037255447928376126","124_123:0.0023387972441928917;124_125:0.002621345561226035","124_123:68;124_125:68","true"
"125","42.21023342970078","60.33316895978426","0","0","0.006699999999999928","0.011399999999999966","0.002","1560","0.00019443702036684883","0","0.00019443702036684883","0.00019443702036684883","125_126:0.0032462339573317567;125_124:0.002621345561226035;125_117:0.001785460949184331","125_126:68;125_124:68;125_117:68","true"
"126","77.60538696550512","25.381483363591776","0","0","0.009299999999999975","0.0136","0.0050000000000000044","1560","0.0003080582825289037","0","0.0003080582825289037","0.0003080582825289037","126_125:0.0032462339573317567;126_127:0.0038376743315129136","126_125:68;126_127:68","true"
"127","150.5704953739391","145.4529099274315","0","0","0.014900000000000024","0.017199999999999993","0.0126","1560","0.00015783374590307918","0","0.00015783374590307918","0.00015783374590307918","127_137:0.0031434801209705987;127_128:0.0032234465888126562;127_126:0.0038376743315129136","127_137:68;127_128:68;127_126:68","true"
"128","126.68134038982717","59.31685162912519","0","0","0.006599999999999939","0.0112","0.0020000000000000018","1560","0.00023019060374044752","0","0.00023019060374044752","0.00023019060374044752","128_129:0.002906014793592565;128_127:0.0032234465888126562","128_129:68;128_127:68","true"
"129","116.47903576465897","78.09166329205168","0","0","0.06789999999999996","0.06999999999999995","0.0658","1560","0.0002258209587710265","0","0.0002258209587710265","0.0002258209587710265","129_130:0.002780142481989989;129_128:0.002906014793592565;129_118:0.0022143884900277244","129_130:68;129_128:68;129_118:68","true"
"130","95.72959947709776","109.1863452812404","0","0","0.031200000000000006","0.0342","0.028200000000000003","1560","0.00040954640146817137","0","0.00040954640146817137","0.00040954640146817137","130_131:0.0017265405156538238;130_129:0.002780142481989989","130_131:68;130_129:68","true"
"131","145.39342158264952","176.26732051002014","0","0","0.02210000000000001","0.025000000000000022","0.0192","1560","0.00014274225543999233","0","0.00014274225543999233","0.00014274225543999233","131_130:0.0017265405156538238;131_132:0.0018591761898126002;131_138:0.0030683581352110023","131_130:68;131_132:68;131_138:68","true"
"132","186.67910563754305","238.53196905508548","0","0","0.0047999999999999154","0.0084","0.0011999999999999789","1560","0.0001439840854072102","0","0.0001439840854072102","0.0001439840854072102","132_133:0.0026221008636920506;132_131:0.0018591761898126002","132_133:68;132_131:68","true"
"133","113.76183349310726","56.25033655937478","0","0","0.008900000000000019","0.011199999999999988","0.0066","1560","0.00015588050722154567","0","0.00015588050722154567","0.00015588050722154567","133_134:0.004285172293036793;133_132:0.0026221008636920506;133_119:0.007223065110288973","133_134:68;133_132:68;133_119:68","true"
"134","152.31469852518939","27.89160203814669","0","0","0.02059999999999995","0.022599999999999953","0.0186","1560","0.00046076423382593367","0","0.00046076423382593367","0.00046076423382593367","134_135:0.003213763178515905;134_133:0.004285172293036793","134_135:68;134_133:68","true"
"135","93.3697217125304","164.341077752869","0","0","0.010199999999999987","0.012800000000000034","0.0076","1560","0.00012896992569443036","0","0.00012896992569443036","0.00012896992569443036","135_134:0.003213763178515905;135_139:0.004588892623458046","135_134:68;135_139:68","true"
"136","153.11470824257276","113.38935643824146","0","0","0.011800000000000033","0.017199999999999993","0.0064","1560","0.00021769897395486557","0","0.00021769897395486557","0.00021769897395486557","136_123:0.002935135748926815;136_143:0.002234300836204489","136_123:68;136_143:68","true"
"137","130.14938240332145","131.34144699447228","0","0","0.005199999999999982","0.007199999999999984","0.0032","1560","0.00030742739974247516","0","0.00030742739974247516","0.00030742739974247516","137_127:0.0031434801209705987;137_147:0.0035794306550309685","137_127:68;137_147:68","true"
"138","96.24480000305637","98.084975085922","0","0","0.012299999999999978","0.0154","0.009199999999999986","1560","0.0003547279505826815","0","0.0003547279505826815","0.0003547279505826815","138_131:0.0030683581352110023;138_151:0.002541082631952185","138_131:68;138_151:68","true"
"139","80.57101775440357","31.426688123061385","0","0","0.00990000000000002","0.01319999999999999","0.0066","1560","0.0003133135975477385","0","0.0003133135975477385","0.0003133135975477385","139_135:0.004588892623458046;139_155:0.05081620830923822","139_135:68;139_155:68","true"
"140","125.38048822140252","165.15980450104195","0","0","0.015600000000000058","0.0192","0.01200000000000001","1560","0.00021727667592477727","0","0.00021727667592477727","0.00021727667592477727","140_141:0.001743290386266555","140_141:68","true"
"141","129.4907152985827","113.7085167600635","0","0","0.006700000000000039","0.00880000000000003","0.0046","1560","0.0002732289966936931","0","0.0002732289966936931","0.0002732289966936931","141_142:0.0016873762791599078;141_140:0.001743290386266555","141_142:68;141_140:68","true"
"142","185.58726797291249","144.93593924953302","0","0","0.017299999999999982","0.021","0.013599999999999945","1560","0.0001995075968699202","0","0.0001995075968699202","0.0001995075968699202","142_143:0.001944868042911052;142_141:0.0016873762791599078","142_143:68;142_141:68","true"
"143","185.88154654307917","98.11338842825992","0","0","0.00649999999999995","0.011600000000000055","0.0014","1560","0.00031381097128955056","0","0.00031381097128955056","0.00031381097128955056","143_144:0.002166926742475317;143_142:0.001944868042911052;143_136:0.002234300836204489","143_144:68;143_142:68;143_136:68","true"
"144","29.92093627260793","88.15992636489624","0","0","0.02859999999999996","0.0316","0.025599999999999956","1560","0.0003916326246846614","0","0.0003916326246846614","0.0003916326246846614","144_143:0.002166926742475317;144_145:0.0017957893060419894","144_143:68;144_145:68","true"
"145","172.74348387358958","190.79912378545023","0","0","0.024900000000000033","0.027000000000000024","0.0228","1560","0.00018468705853157895","0","0.00018468705853157895","0.00018468705853157895","145_146:0.001836544246133387;145_144:0.0017957893060419894","145_146:68;145_144:68","true"
"146","135.87842181176194","24.828484811583976","0","0","0.006099999999999994","0.0072","0.0050000000000000044","1560","0.00039490717390917694","0","0.00039490717390917694","0.00039490717390917694","146_147:0.0027179615725647366;146_145:0.001836544246133387","146_147:88;146_145:68","true"
"147","124.71764506535146","127.38045309861896","0","0","0.017199999999999993","0.022","0.012399999999999967","1560","0.00023120781825571347","0","0.00023120781825571347","0.00023120781825571347","147_148:0.014774743359932258;147_146:0.0027179615725647366;147_137:0.0035794306550309685","147_148:68;147_146:88;147_137:68","true"
"148","101.00495820738938","66.65847771256196","0","0","0.03500000000000003","0.05020000000000002","0.0198","1560","0.00037818001206023534","0","0.00037818001206023534","0.00037818001206023534","148_147:0.014774743359932258;148_149:0.04030091103337427","148_147:68;148_149:68","true"
"149","42.924057674485674","5.43921920371509","0","0","0.0464","0.047799999999999954","0.045","1560","0.0019068209754180415","0","0.0019068209754180415","0.0019068209754180415","149_150:0.011774078674569671;149_148:0.04030091103337427","149_150:68;149_148:68","true"
"150","150.7283726409326","5.74936298944809","0","0","0.0121","0.0148","0.009399999999999964","1560","0.0009880436204016624","0","0.0009880436204016624","0.0009880436204016624","150_151:0.00984511716102876;150_149:0.011774078674569671","150_151:68;150_149:68","true"
"151","82.27875562296086","136.5958616988366","0","0","0.015700000000000047","0.01880000000000004","0.0126","1560","0.00021128090123502302","0","0.00021128090123502302","0.00021128090123502302","151_152:0.002307938498887191;151_150:0.00984511716102876;151_138:0.002541082631952185","151_152:68;151_150:68;151_138:68","true"
"152","146.64551932511517","229.5940945424857","0","0","0.026599999999999957","0.028","0.0252","1560","0.0003233408834353143","0","0.0003233408834353143","0.0003233408834353143","152_153:0.002469806546532727;152_151:0.002307938498887191","152_153:68;152_151:68","true"
"153","31.12273898218867","31.925842143717944","0","0","0.007200000000000095","0.010600000000000054","0.0038","1560","0.00019218494201958715","0","0.00019218494201958715","0.00019218494201958715","153_152:0.002469806546532727;153_154:1","153_152:68;153_154:68","true"
"154","160.85318906358242","92.94358407183474","0","0","0.010099999999999998","0.010399999999999965","0.0098","1560","0.00023658024164522395","0","0.00023658024164522395","0.00023658024164522395","154_155:0.0025855886630520852;154_153:1","154_155:68;154_153:68","true"
"155","125.02076950177234","17.060424434756957","0","0","0.011200000000000099","0.014800000000000035","0.0076","1560","0.0002031869558294362","0","0.0002031869558294362","0.0002031869558294362","155_154:0.0025855886630520852;155_139:0.05081620830923822","155_154:68;155_139:68","true"